-- Synthetic Learn with Sabih dataset (interactive CS study guide) for SQL teaching. Fully synthetic.
-- Generated reproducibly with seed = 42.

DROP TABLE IF EXISTS events;
DROP TABLE IF EXISTS sessions;
DROP TABLE IF EXISTS users;

CREATE TABLE users (
    user_id     INTEGER PRIMARY KEY,
    signup_date DATE NOT NULL,
    country     TEXT NOT NULL,
    plan        TEXT NOT NULL CHECK (plan IN ('free', 'pro'))
);

CREATE TABLE sessions (
    session_id INTEGER PRIMARY KEY,
    user_id    INTEGER NOT NULL REFERENCES users(user_id),
    started_at TIMESTAMP NOT NULL
);

CREATE TABLE events (
    event_id    INTEGER PRIMARY KEY,
    session_id  INTEGER NOT NULL REFERENCES sessions(session_id),
    user_id     INTEGER NOT NULL REFERENCES users(user_id),
    event       TEXT NOT NULL CHECK (event IN ('topic_opened', 'interactive_used', 'topic_completed')),
    occurred_at TIMESTAMP NOT NULL
);

-- users
INSERT INTO users (user_id, signup_date, country, plan) VALUES (1, '2025-02-15', 'GB', 'pro');
INSERT INTO users (user_id, signup_date, country, plan) VALUES (2, '2025-01-23', 'FR', 'pro');
INSERT INTO users (user_id, signup_date, country, plan) VALUES (3, '2025-02-22', 'GB', 'free');
INSERT INTO users (user_id, signup_date, country, plan) VALUES (4, '2025-02-09', 'GB', 'free');
INSERT INTO users (user_id, signup_date, country, plan) VALUES (5, '2025-01-08', 'US', 'pro');
INSERT INTO users (user_id, signup_date, country, plan) VALUES (6, '2025-01-20', 'ES', 'free');
INSERT INTO users (user_id, signup_date, country, plan) VALUES (7, '2025-02-10', 'FR', 'free');
INSERT INTO users (user_id, signup_date, country, plan) VALUES (8, '2025-02-19', 'ES', 'free');
INSERT INTO users (user_id, signup_date, country, plan) VALUES (9, '2025-02-03', 'CA', 'pro');
INSERT INTO users (user_id, signup_date, country, plan) VALUES (10, '2025-03-02', 'US', 'free');
INSERT INTO users (user_id, signup_date, country, plan) VALUES (11, '2025-01-16', 'IN', 'free');
INSERT INTO users (user_id, signup_date, country, plan) VALUES (12, '2025-01-15', 'FR', 'free');
INSERT INTO users (user_id, signup_date, country, plan) VALUES (13, '2025-01-27', 'GB', 'pro');
INSERT INTO users (user_id, signup_date, country, plan) VALUES (14, '2025-01-12', 'JP', 'free');
INSERT INTO users (user_id, signup_date, country, plan) VALUES (15, '2025-02-13', 'BR', 'free');
INSERT INTO users (user_id, signup_date, country, plan) VALUES (16, '2025-02-21', 'MX', 'free');
INSERT INTO users (user_id, signup_date, country, plan) VALUES (17, '2025-01-30', 'GB', 'free');
INSERT INTO users (user_id, signup_date, country, plan) VALUES (18, '2025-02-28', 'CA', 'free');
INSERT INTO users (user_id, signup_date, country, plan) VALUES (19, '2025-01-29', 'CA', 'pro');
INSERT INTO users (user_id, signup_date, country, plan) VALUES (20, '2025-01-10', 'US', 'free');
INSERT INTO users (user_id, signup_date, country, plan) VALUES (21, '2025-02-24', 'BR', 'free');
INSERT INTO users (user_id, signup_date, country, plan) VALUES (22, '2025-03-01', 'FR', 'free');
INSERT INTO users (user_id, signup_date, country, plan) VALUES (23, '2025-01-30', 'BR', 'free');
INSERT INTO users (user_id, signup_date, country, plan) VALUES (24, '2025-02-28', 'JP', 'pro');
INSERT INTO users (user_id, signup_date, country, plan) VALUES (25, '2025-01-28', 'FR', 'free');
INSERT INTO users (user_id, signup_date, country, plan) VALUES (26, '2025-02-19', 'GB', 'free');
INSERT INTO users (user_id, signup_date, country, plan) VALUES (27, '2025-01-16', 'ES', 'free');
INSERT INTO users (user_id, signup_date, country, plan) VALUES (28, '2025-01-16', 'MX', 'free');
INSERT INTO users (user_id, signup_date, country, plan) VALUES (29, '2025-02-15', 'ES', 'pro');
INSERT INTO users (user_id, signup_date, country, plan) VALUES (30, '2025-01-26', 'US', 'pro');
INSERT INTO users (user_id, signup_date, country, plan) VALUES (31, '2025-01-08', 'JP', 'free');
INSERT INTO users (user_id, signup_date, country, plan) VALUES (32, '2025-01-10', 'FR', 'free');
INSERT INTO users (user_id, signup_date, country, plan) VALUES (33, '2025-02-11', 'JP', 'pro');
INSERT INTO users (user_id, signup_date, country, plan) VALUES (34, '2025-02-06', 'IN', 'free');
INSERT INTO users (user_id, signup_date, country, plan) VALUES (35, '2025-02-16', 'MX', 'pro');
INSERT INTO users (user_id, signup_date, country, plan) VALUES (36, '2025-01-14', 'FR', 'free');
INSERT INTO users (user_id, signup_date, country, plan) VALUES (37, '2025-02-09', 'BR', 'free');
INSERT INTO users (user_id, signup_date, country, plan) VALUES (38, '2025-02-02', 'CA', 'free');
INSERT INTO users (user_id, signup_date, country, plan) VALUES (39, '2025-01-20', 'DE', 'free');
INSERT INTO users (user_id, signup_date, country, plan) VALUES (40, '2025-01-11', 'US', 'free');
INSERT INTO users (user_id, signup_date, country, plan) VALUES (41, '2025-01-15', 'DE', 'free');
INSERT INTO users (user_id, signup_date, country, plan) VALUES (42, '2025-02-02', 'CA', 'pro');
INSERT INTO users (user_id, signup_date, country, plan) VALUES (43, '2025-01-30', 'CA', 'free');
INSERT INTO users (user_id, signup_date, country, plan) VALUES (44, '2025-02-08', 'BR', 'free');
INSERT INTO users (user_id, signup_date, country, plan) VALUES (45, '2025-03-02', 'US', 'free');
INSERT INTO users (user_id, signup_date, country, plan) VALUES (46, '2025-01-13', 'ES', 'free');
INSERT INTO users (user_id, signup_date, country, plan) VALUES (47, '2025-02-24', 'JP', 'pro');
INSERT INTO users (user_id, signup_date, country, plan) VALUES (48, '2025-02-02', 'DE', 'free');
INSERT INTO users (user_id, signup_date, country, plan) VALUES (49, '2025-02-21', 'BR', 'free');
INSERT INTO users (user_id, signup_date, country, plan) VALUES (50, '2025-02-23', 'DE', 'free');

-- sessions
INSERT INTO sessions (session_id, user_id, started_at) VALUES (1, 5, '2025-01-10 07:37:35');
INSERT INTO sessions (session_id, user_id, started_at) VALUES (2, 31, '2025-01-11 08:35:15');
INSERT INTO sessions (session_id, user_id, started_at) VALUES (3, 14, '2025-01-12 07:29:39');
INSERT INTO sessions (session_id, user_id, started_at) VALUES (4, 20, '2025-01-12 20:51:42');
INSERT INTO sessions (session_id, user_id, started_at) VALUES (5, 32, '2025-01-12 21:39:52');
INSERT INTO sessions (session_id, user_id, started_at) VALUES (6, 40, '2025-01-13 19:17:48');
INSERT INTO sessions (session_id, user_id, started_at) VALUES (7, 36, '2025-01-15 20:24:57');
INSERT INTO sessions (session_id, user_id, started_at) VALUES (8, 46, '2025-01-16 11:27:11');
INSERT INTO sessions (session_id, user_id, started_at) VALUES (9, 27, '2025-01-16 16:18:13');
INSERT INTO sessions (session_id, user_id, started_at) VALUES (10, 12, '2025-01-16 19:07:56');
INSERT INTO sessions (session_id, user_id, started_at) VALUES (11, 11, '2025-01-17 09:38:04');
INSERT INTO sessions (session_id, user_id, started_at) VALUES (12, 41, '2025-01-17 14:41:04');
INSERT INTO sessions (session_id, user_id, started_at) VALUES (13, 28, '2025-01-17 22:50:57');
INSERT INTO sessions (session_id, user_id, started_at) VALUES (14, 31, '2025-01-19 21:08:51');
INSERT INTO sessions (session_id, user_id, started_at) VALUES (15, 39, '2025-01-20 09:41:27');
INSERT INTO sessions (session_id, user_id, started_at) VALUES (16, 6, '2025-01-20 14:04:57');
INSERT INTO sessions (session_id, user_id, started_at) VALUES (17, 20, '2025-01-20 19:55:02');
INSERT INTO sessions (session_id, user_id, started_at) VALUES (18, 12, '2025-01-21 09:26:42');
INSERT INTO sessions (session_id, user_id, started_at) VALUES (19, 2, '2025-01-23 17:31:01');
INSERT INTO sessions (session_id, user_id, started_at) VALUES (20, 30, '2025-01-26 10:49:27');
INSERT INTO sessions (session_id, user_id, started_at) VALUES (21, 5, '2025-01-26 14:00:04');
INSERT INTO sessions (session_id, user_id, started_at) VALUES (22, 6, '2025-01-26 17:04:32');
INSERT INTO sessions (session_id, user_id, started_at) VALUES (23, 13, '2025-01-29 14:16:25');
INSERT INTO sessions (session_id, user_id, started_at) VALUES (24, 14, '2025-01-29 15:08:59');
INSERT INTO sessions (session_id, user_id, started_at) VALUES (25, 20, '2025-01-29 15:10:50');
INSERT INTO sessions (session_id, user_id, started_at) VALUES (26, 17, '2025-01-30 07:21:49');
INSERT INTO sessions (session_id, user_id, started_at) VALUES (27, 28, '2025-01-30 09:18:32');
INSERT INTO sessions (session_id, user_id, started_at) VALUES (28, 43, '2025-01-30 12:19:06');
INSERT INTO sessions (session_id, user_id, started_at) VALUES (29, 25, '2025-01-30 16:42:26');
INSERT INTO sessions (session_id, user_id, started_at) VALUES (30, 46, '2025-02-01 09:17:56');
INSERT INTO sessions (session_id, user_id, started_at) VALUES (31, 19, '2025-02-01 11:59:59');
INSERT INTO sessions (session_id, user_id, started_at) VALUES (32, 39, '2025-02-01 21:11:03');
INSERT INTO sessions (session_id, user_id, started_at) VALUES (33, 42, '2025-02-02 07:15:12');
INSERT INTO sessions (session_id, user_id, started_at) VALUES (34, 23, '2025-02-02 10:24:57');
INSERT INTO sessions (session_id, user_id, started_at) VALUES (35, 9, '2025-02-03 08:41:34');
INSERT INTO sessions (session_id, user_id, started_at) VALUES (36, 2, '2025-02-03 18:56:53');
INSERT INTO sessions (session_id, user_id, started_at) VALUES (37, 38, '2025-02-05 12:53:29');
INSERT INTO sessions (session_id, user_id, started_at) VALUES (38, 6, '2025-02-06 11:46:59');
INSERT INTO sessions (session_id, user_id, started_at) VALUES (39, 14, '2025-02-07 09:56:15');
INSERT INTO sessions (session_id, user_id, started_at) VALUES (40, 9, '2025-02-07 09:59:48');
INSERT INTO sessions (session_id, user_id, started_at) VALUES (41, 42, '2025-02-07 11:15:08');
INSERT INTO sessions (session_id, user_id, started_at) VALUES (42, 6, '2025-02-08 15:42:31');
INSERT INTO sessions (session_id, user_id, started_at) VALUES (43, 14, '2025-02-08 16:10:28');
INSERT INTO sessions (session_id, user_id, started_at) VALUES (44, 13, '2025-02-08 16:29:20');
INSERT INTO sessions (session_id, user_id, started_at) VALUES (45, 34, '2025-02-08 17:20:57');
INSERT INTO sessions (session_id, user_id, started_at) VALUES (46, 39, '2025-02-09 19:20:13');
INSERT INTO sessions (session_id, user_id, started_at) VALUES (47, 17, '2025-02-10 09:56:44');
INSERT INTO sessions (session_id, user_id, started_at) VALUES (48, 9, '2025-02-10 12:24:00');
INSERT INTO sessions (session_id, user_id, started_at) VALUES (49, 40, '2025-02-10 15:53:05');
INSERT INTO sessions (session_id, user_id, started_at) VALUES (50, 4, '2025-02-10 16:25:42');
INSERT INTO sessions (session_id, user_id, started_at) VALUES (51, 44, '2025-02-10 19:25:45');
INSERT INTO sessions (session_id, user_id, started_at) VALUES (52, 17, '2025-02-11 15:10:47');
INSERT INTO sessions (session_id, user_id, started_at) VALUES (53, 37, '2025-02-12 22:00:22');
INSERT INTO sessions (session_id, user_id, started_at) VALUES (54, 20, '2025-02-13 14:12:52');
INSERT INTO sessions (session_id, user_id, started_at) VALUES (55, 7, '2025-02-13 14:50:30');
INSERT INTO sessions (session_id, user_id, started_at) VALUES (56, 19, '2025-02-13 20:01:11');
INSERT INTO sessions (session_id, user_id, started_at) VALUES (57, 40, '2025-02-14 07:47:34');
INSERT INTO sessions (session_id, user_id, started_at) VALUES (58, 38, '2025-02-14 07:58:25');
INSERT INTO sessions (session_id, user_id, started_at) VALUES (59, 46, '2025-02-14 14:48:29');
INSERT INTO sessions (session_id, user_id, started_at) VALUES (60, 33, '2025-02-14 21:16:48');
INSERT INTO sessions (session_id, user_id, started_at) VALUES (61, 15, '2025-02-15 07:42:52');
INSERT INTO sessions (session_id, user_id, started_at) VALUES (62, 2, '2025-02-15 14:03:15');
INSERT INTO sessions (session_id, user_id, started_at) VALUES (63, 32, '2025-02-15 20:53:58');
INSERT INTO sessions (session_id, user_id, started_at) VALUES (64, 29, '2025-02-16 16:14:51');
INSERT INTO sessions (session_id, user_id, started_at) VALUES (65, 27, '2025-02-16 17:29:28');
INSERT INTO sessions (session_id, user_id, started_at) VALUES (66, 19, '2025-02-17 12:51:51');
INSERT INTO sessions (session_id, user_id, started_at) VALUES (67, 35, '2025-02-17 13:04:26');
INSERT INTO sessions (session_id, user_id, started_at) VALUES (68, 1, '2025-02-17 13:09:23');
INSERT INTO sessions (session_id, user_id, started_at) VALUES (69, 32, '2025-02-18 21:57:10');
INSERT INTO sessions (session_id, user_id, started_at) VALUES (70, 8, '2025-02-19 14:12:12');
INSERT INTO sessions (session_id, user_id, started_at) VALUES (71, 46, '2025-02-19 15:39:51');
INSERT INTO sessions (session_id, user_id, started_at) VALUES (72, 46, '2025-02-20 22:29:27');
INSERT INTO sessions (session_id, user_id, started_at) VALUES (73, 14, '2025-02-21 10:04:34');
INSERT INTO sessions (session_id, user_id, started_at) VALUES (74, 26, '2025-02-21 11:12:26');
INSERT INTO sessions (session_id, user_id, started_at) VALUES (75, 3, '2025-02-22 11:08:42');
INSERT INTO sessions (session_id, user_id, started_at) VALUES (76, 9, '2025-02-22 12:26:31');
INSERT INTO sessions (session_id, user_id, started_at) VALUES (77, 15, '2025-02-23 11:16:07');
INSERT INTO sessions (session_id, user_id, started_at) VALUES (78, 15, '2025-02-23 11:17:18');
INSERT INTO sessions (session_id, user_id, started_at) VALUES (79, 16, '2025-02-23 13:43:40');
INSERT INTO sessions (session_id, user_id, started_at) VALUES (80, 46, '2025-02-23 15:20:54');
INSERT INTO sessions (session_id, user_id, started_at) VALUES (81, 29, '2025-02-23 21:26:56');
INSERT INTO sessions (session_id, user_id, started_at) VALUES (82, 36, '2025-02-24 07:54:56');
INSERT INTO sessions (session_id, user_id, started_at) VALUES (83, 44, '2025-02-24 09:37:44');
INSERT INTO sessions (session_id, user_id, started_at) VALUES (84, 12, '2025-02-24 14:37:38');
INSERT INTO sessions (session_id, user_id, started_at) VALUES (85, 12, '2025-02-25 17:59:16');
INSERT INTO sessions (session_id, user_id, started_at) VALUES (86, 21, '2025-02-26 16:52:50');
INSERT INTO sessions (session_id, user_id, started_at) VALUES (87, 8, '2025-02-27 21:51:55');
INSERT INTO sessions (session_id, user_id, started_at) VALUES (88, 16, '2025-02-28 09:40:27');
INSERT INTO sessions (session_id, user_id, started_at) VALUES (89, 18, '2025-02-28 18:37:35');
INSERT INTO sessions (session_id, user_id, started_at) VALUES (90, 22, '2025-03-01 10:56:16');
INSERT INTO sessions (session_id, user_id, started_at) VALUES (91, 28, '2025-03-01 17:05:52');
INSERT INTO sessions (session_id, user_id, started_at) VALUES (92, 23, '2025-03-02 07:33:59');
INSERT INTO sessions (session_id, user_id, started_at) VALUES (93, 45, '2025-03-02 08:22:34');
INSERT INTO sessions (session_id, user_id, started_at) VALUES (94, 33, '2025-03-02 15:49:49');
INSERT INTO sessions (session_id, user_id, started_at) VALUES (95, 24, '2025-03-02 17:42:54');
INSERT INTO sessions (session_id, user_id, started_at) VALUES (96, 37, '2025-03-02 20:31:01');
INSERT INTO sessions (session_id, user_id, started_at) VALUES (97, 29, '2025-03-03 11:01:02');
INSERT INTO sessions (session_id, user_id, started_at) VALUES (98, 17, '2025-03-03 20:35:00');
INSERT INTO sessions (session_id, user_id, started_at) VALUES (99, 2, '2025-03-04 09:05:46');
INSERT INTO sessions (session_id, user_id, started_at) VALUES (100, 21, '2025-03-04 15:22:41');
INSERT INTO sessions (session_id, user_id, started_at) VALUES (101, 37, '2025-03-04 19:54:57');
INSERT INTO sessions (session_id, user_id, started_at) VALUES (102, 33, '2025-03-04 21:04:45');
INSERT INTO sessions (session_id, user_id, started_at) VALUES (103, 10, '2025-03-04 21:18:27');
INSERT INTO sessions (session_id, user_id, started_at) VALUES (104, 8, '2025-03-06 15:29:15');
INSERT INTO sessions (session_id, user_id, started_at) VALUES (105, 18, '2025-03-06 18:13:43');
INSERT INTO sessions (session_id, user_id, started_at) VALUES (106, 29, '2025-03-06 22:39:54');
INSERT INTO sessions (session_id, user_id, started_at) VALUES (107, 42, '2025-03-07 15:49:23');
INSERT INTO sessions (session_id, user_id, started_at) VALUES (108, 42, '2025-03-08 10:36:13');
INSERT INTO sessions (session_id, user_id, started_at) VALUES (109, 10, '2025-03-09 08:37:30');
INSERT INTO sessions (session_id, user_id, started_at) VALUES (110, 23, '2025-03-09 13:23:27');
INSERT INTO sessions (session_id, user_id, started_at) VALUES (111, 9, '2025-03-09 13:55:25');
INSERT INTO sessions (session_id, user_id, started_at) VALUES (112, 23, '2025-03-11 13:16:02');
INSERT INTO sessions (session_id, user_id, started_at) VALUES (113, 37, '2025-03-11 14:31:14');
INSERT INTO sessions (session_id, user_id, started_at) VALUES (114, 7, '2025-03-12 13:06:06');
INSERT INTO sessions (session_id, user_id, started_at) VALUES (115, 21, '2025-03-12 19:21:17');
INSERT INTO sessions (session_id, user_id, started_at) VALUES (116, 7, '2025-03-13 18:27:26');
INSERT INTO sessions (session_id, user_id, started_at) VALUES (117, 18, '2025-03-13 20:08:02');
INSERT INTO sessions (session_id, user_id, started_at) VALUES (118, 16, '2025-03-13 22:16:57');
INSERT INTO sessions (session_id, user_id, started_at) VALUES (119, 21, '2025-03-14 14:01:42');
INSERT INTO sessions (session_id, user_id, started_at) VALUES (120, 7, '2025-03-15 08:43:41');
INSERT INTO sessions (session_id, user_id, started_at) VALUES (121, 29, '2025-03-15 22:25:15');
INSERT INTO sessions (session_id, user_id, started_at) VALUES (122, 34, '2025-03-16 09:08:09');
INSERT INTO sessions (session_id, user_id, started_at) VALUES (123, 22, '2025-03-16 15:02:06');
INSERT INTO sessions (session_id, user_id, started_at) VALUES (124, 35, '2025-03-18 17:34:29');
INSERT INTO sessions (session_id, user_id, started_at) VALUES (125, 4, '2025-03-18 21:07:15');
INSERT INTO sessions (session_id, user_id, started_at) VALUES (126, 18, '2025-03-19 10:22:49');
INSERT INTO sessions (session_id, user_id, started_at) VALUES (127, 26, '2025-03-19 12:39:36');
INSERT INTO sessions (session_id, user_id, started_at) VALUES (128, 33, '2025-03-20 22:40:15');
INSERT INTO sessions (session_id, user_id, started_at) VALUES (129, 18, '2025-03-23 18:57:59');
INSERT INTO sessions (session_id, user_id, started_at) VALUES (130, 10, '2025-03-24 13:03:37');
INSERT INTO sessions (session_id, user_id, started_at) VALUES (131, 44, '2025-03-24 14:06:44');
INSERT INTO sessions (session_id, user_id, started_at) VALUES (132, 15, '2025-03-24 16:59:42');
INSERT INTO sessions (session_id, user_id, started_at) VALUES (133, 4, '2025-03-26 18:28:57');
INSERT INTO sessions (session_id, user_id, started_at) VALUES (134, 7, '2025-03-27 10:03:25');
INSERT INTO sessions (session_id, user_id, started_at) VALUES (135, 3, '2025-03-28 12:16:33');
INSERT INTO sessions (session_id, user_id, started_at) VALUES (136, 8, '2025-03-29 21:08:27');
INSERT INTO sessions (session_id, user_id, started_at) VALUES (137, 29, '2025-03-31 13:45:44');
INSERT INTO sessions (session_id, user_id, started_at) VALUES (138, 21, '2025-04-01 19:43:53');
INSERT INTO sessions (session_id, user_id, started_at) VALUES (139, 45, '2025-04-01 22:06:27');
INSERT INTO sessions (session_id, user_id, started_at) VALUES (140, 45, '2025-04-02 18:04:32');
INSERT INTO sessions (session_id, user_id, started_at) VALUES (141, 3, '2025-04-05 20:13:59');
INSERT INTO sessions (session_id, user_id, started_at) VALUES (142, 10, '2025-04-07 12:03:32');
INSERT INTO sessions (session_id, user_id, started_at) VALUES (143, 10, '2025-04-09 08:47:20');
INSERT INTO sessions (session_id, user_id, started_at) VALUES (144, 10, '2025-04-10 22:09:12');
INSERT INTO sessions (session_id, user_id, started_at) VALUES (145, 22, '2025-04-12 20:22:46');
INSERT INTO sessions (session_id, user_id, started_at) VALUES (146, 45, '2025-04-16 17:00:54');

-- events
INSERT INTO events (event_id, session_id, user_id, event, occurred_at) VALUES (1, 1, 5, 'topic_opened', '2025-01-10 07:38:02');
INSERT INTO events (event_id, session_id, user_id, event, occurred_at) VALUES (2, 1, 5, 'topic_opened', '2025-01-10 07:38:26');
INSERT INTO events (event_id, session_id, user_id, event, occurred_at) VALUES (3, 1, 5, 'interactive_used', '2025-01-10 07:38:26');
INSERT INTO events (event_id, session_id, user_id, event, occurred_at) VALUES (4, 1, 5, 'interactive_used', '2025-01-10 07:39:18');
INSERT INTO events (event_id, session_id, user_id, event, occurred_at) VALUES (5, 1, 5, 'topic_completed', '2025-01-10 07:40:06');
INSERT INTO events (event_id, session_id, user_id, event, occurred_at) VALUES (6, 1, 5, 'topic_completed', '2025-01-10 07:40:46');
INSERT INTO events (event_id, session_id, user_id, event, occurred_at) VALUES (7, 2, 31, 'topic_opened', '2025-01-11 08:35:35');
INSERT INTO events (event_id, session_id, user_id, event, occurred_at) VALUES (8, 2, 31, 'topic_opened', '2025-01-11 08:36:13');
INSERT INTO events (event_id, session_id, user_id, event, occurred_at) VALUES (9, 2, 31, 'interactive_used', '2025-01-11 08:36:23');
INSERT INTO events (event_id, session_id, user_id, event, occurred_at) VALUES (10, 2, 31, 'interactive_used', '2025-01-11 08:36:43');
INSERT INTO events (event_id, session_id, user_id, event, occurred_at) VALUES (11, 3, 14, 'topic_opened', '2025-01-12 07:29:57');
INSERT INTO events (event_id, session_id, user_id, event, occurred_at) VALUES (12, 4, 20, 'topic_opened', '2025-01-12 20:52:16');
INSERT INTO events (event_id, session_id, user_id, event, occurred_at) VALUES (13, 4, 20, 'topic_opened', '2025-01-12 20:52:47');
INSERT INTO events (event_id, session_id, user_id, event, occurred_at) VALUES (14, 5, 32, 'topic_opened', '2025-01-12 21:40:09');
INSERT INTO events (event_id, session_id, user_id, event, occurred_at) VALUES (15, 5, 32, 'interactive_used', '2025-01-12 21:40:56');
INSERT INTO events (event_id, session_id, user_id, event, occurred_at) VALUES (16, 6, 40, 'topic_opened', '2025-01-13 19:18:24');
INSERT INTO events (event_id, session_id, user_id, event, occurred_at) VALUES (17, 6, 40, 'interactive_used', '2025-01-13 19:19:04');
INSERT INTO events (event_id, session_id, user_id, event, occurred_at) VALUES (18, 6, 40, 'interactive_used', '2025-01-13 19:19:30');
INSERT INTO events (event_id, session_id, user_id, event, occurred_at) VALUES (19, 6, 40, 'topic_completed', '2025-01-13 19:20:14');
INSERT INTO events (event_id, session_id, user_id, event, occurred_at) VALUES (20, 7, 36, 'topic_opened', '2025-01-15 20:25:07');
INSERT INTO events (event_id, session_id, user_id, event, occurred_at) VALUES (21, 8, 46, 'topic_opened', '2025-01-16 11:27:48');
INSERT INTO events (event_id, session_id, user_id, event, occurred_at) VALUES (22, 9, 27, 'topic_opened', '2025-01-16 16:18:28');
INSERT INTO events (event_id, session_id, user_id, event, occurred_at) VALUES (23, 9, 27, 'topic_opened', '2025-01-16 16:18:44');
INSERT INTO events (event_id, session_id, user_id, event, occurred_at) VALUES (24, 10, 12, 'topic_opened', '2025-01-16 19:08:36');
INSERT INTO events (event_id, session_id, user_id, event, occurred_at) VALUES (25, 11, 11, 'topic_opened', '2025-01-17 09:38:25');
INSERT INTO events (event_id, session_id, user_id, event, occurred_at) VALUES (26, 12, 41, 'topic_opened', '2025-01-17 14:41:25');
INSERT INTO events (event_id, session_id, user_id, event, occurred_at) VALUES (27, 12, 41, 'topic_opened', '2025-01-17 14:41:42');
INSERT INTO events (event_id, session_id, user_id, event, occurred_at) VALUES (28, 12, 41, 'interactive_used', '2025-01-17 14:42:32');
INSERT INTO events (event_id, session_id, user_id, event, occurred_at) VALUES (29, 13, 28, 'topic_opened', '2025-01-17 22:51:03');
INSERT INTO events (event_id, session_id, user_id, event, occurred_at) VALUES (30, 13, 28, 'interactive_used', '2025-01-17 22:51:16');
INSERT INTO events (event_id, session_id, user_id, event, occurred_at) VALUES (31, 13, 28, 'interactive_used', '2025-01-17 22:52:01');
INSERT INTO events (event_id, session_id, user_id, event, occurred_at) VALUES (32, 14, 31, 'topic_opened', '2025-01-19 21:08:54');
INSERT INTO events (event_id, session_id, user_id, event, occurred_at) VALUES (33, 15, 39, 'topic_opened', '2025-01-20 09:41:58');
INSERT INTO events (event_id, session_id, user_id, event, occurred_at) VALUES (34, 15, 39, 'interactive_used', '2025-01-20 09:42:19');
INSERT INTO events (event_id, session_id, user_id, event, occurred_at) VALUES (35, 15, 39, 'interactive_used', '2025-01-20 09:43:19');
INSERT INTO events (event_id, session_id, user_id, event, occurred_at) VALUES (36, 15, 39, 'topic_completed', '2025-01-20 09:44:15');
INSERT INTO events (event_id, session_id, user_id, event, occurred_at) VALUES (37, 15, 39, 'topic_completed', '2025-01-20 09:45:22');
INSERT INTO events (event_id, session_id, user_id, event, occurred_at) VALUES (38, 16, 6, 'topic_opened', '2025-01-20 14:05:03');
INSERT INTO events (event_id, session_id, user_id, event, occurred_at) VALUES (39, 16, 6, 'interactive_used', '2025-01-20 14:05:27');
INSERT INTO events (event_id, session_id, user_id, event, occurred_at) VALUES (40, 16, 6, 'interactive_used', '2025-01-20 14:05:37');
INSERT INTO events (event_id, session_id, user_id, event, occurred_at) VALUES (41, 17, 20, 'topic_opened', '2025-01-20 19:55:31');
INSERT INTO events (event_id, session_id, user_id, event, occurred_at) VALUES (42, 18, 12, 'topic_opened', '2025-01-21 09:26:59');
INSERT INTO events (event_id, session_id, user_id, event, occurred_at) VALUES (43, 18, 12, 'topic_opened', '2025-01-21 09:27:35');
INSERT INTO events (event_id, session_id, user_id, event, occurred_at) VALUES (44, 18, 12, 'interactive_used', '2025-01-21 09:27:59');
INSERT INTO events (event_id, session_id, user_id, event, occurred_at) VALUES (45, 18, 12, 'interactive_used', '2025-01-21 09:28:59');
INSERT INTO events (event_id, session_id, user_id, event, occurred_at) VALUES (46, 19, 2, 'topic_opened', '2025-01-23 17:31:40');
INSERT INTO events (event_id, session_id, user_id, event, occurred_at) VALUES (47, 20, 30, 'topic_opened', '2025-01-26 10:49:36');
INSERT INTO events (event_id, session_id, user_id, event, occurred_at) VALUES (48, 20, 30, 'topic_opened', '2025-01-26 10:49:52');
INSERT INTO events (event_id, session_id, user_id, event, occurred_at) VALUES (49, 21, 5, 'topic_opened', '2025-01-26 14:00:12');
INSERT INTO events (event_id, session_id, user_id, event, occurred_at) VALUES (50, 21, 5, 'interactive_used', '2025-01-26 14:00:21');
INSERT INTO events (event_id, session_id, user_id, event, occurred_at) VALUES (51, 21, 5, 'topic_completed', '2025-01-26 14:01:42');
INSERT INTO events (event_id, session_id, user_id, event, occurred_at) VALUES (52, 22, 6, 'topic_opened', '2025-01-26 17:04:37');
INSERT INTO events (event_id, session_id, user_id, event, occurred_at) VALUES (53, 22, 6, 'interactive_used', '2025-01-26 17:05:26');
INSERT INTO events (event_id, session_id, user_id, event, occurred_at) VALUES (54, 22, 6, 'interactive_used', '2025-01-26 17:06:26');
INSERT INTO events (event_id, session_id, user_id, event, occurred_at) VALUES (55, 22, 6, 'topic_completed', '2025-01-26 17:07:04');
INSERT INTO events (event_id, session_id, user_id, event, occurred_at) VALUES (56, 23, 13, 'topic_opened', '2025-01-29 14:17:05');
INSERT INTO events (event_id, session_id, user_id, event, occurred_at) VALUES (57, 23, 13, 'topic_opened', '2025-01-29 14:17:20');
INSERT INTO events (event_id, session_id, user_id, event, occurred_at) VALUES (58, 23, 13, 'interactive_used', '2025-01-29 14:18:06');
INSERT INTO events (event_id, session_id, user_id, event, occurred_at) VALUES (59, 23, 13, 'topic_completed', '2025-01-29 14:18:29');
INSERT INTO events (event_id, session_id, user_id, event, occurred_at) VALUES (60, 24, 14, 'topic_opened', '2025-01-29 15:09:12');
INSERT INTO events (event_id, session_id, user_id, event, occurred_at) VALUES (61, 25, 20, 'topic_opened', '2025-01-29 15:11:29');
INSERT INTO events (event_id, session_id, user_id, event, occurred_at) VALUES (62, 25, 20, 'topic_opened', '2025-01-29 15:11:50');
INSERT INTO events (event_id, session_id, user_id, event, occurred_at) VALUES (63, 25, 20, 'interactive_used', '2025-01-29 15:12:14');
INSERT INTO events (event_id, session_id, user_id, event, occurred_at) VALUES (64, 26, 17, 'topic_opened', '2025-01-30 07:22:24');
INSERT INTO events (event_id, session_id, user_id, event, occurred_at) VALUES (65, 26, 17, 'topic_opened', '2025-01-30 07:23:01');
INSERT INTO events (event_id, session_id, user_id, event, occurred_at) VALUES (66, 26, 17, 'topic_opened', '2025-01-30 07:23:35');
INSERT INTO events (event_id, session_id, user_id, event, occurred_at) VALUES (67, 26, 17, 'interactive_used', '2025-01-30 07:24:07');
INSERT INTO events (event_id, session_id, user_id, event, occurred_at) VALUES (68, 27, 28, 'topic_opened', '2025-01-30 09:18:36');
INSERT INTO events (event_id, session_id, user_id, event, occurred_at) VALUES (69, 27, 28, 'topic_opened', '2025-01-30 09:18:44');
INSERT INTO events (event_id, session_id, user_id, event, occurred_at) VALUES (70, 27, 28, 'interactive_used', '2025-01-30 09:19:44');
INSERT INTO events (event_id, session_id, user_id, event, occurred_at) VALUES (71, 27, 28, 'interactive_used', '2025-01-30 09:20:25');
INSERT INTO events (event_id, session_id, user_id, event, occurred_at) VALUES (72, 28, 43, 'topic_opened', '2025-01-30 12:19:26');
INSERT INTO events (event_id, session_id, user_id, event, occurred_at) VALUES (73, 29, 25, 'topic_opened', '2025-01-30 16:42:40');
INSERT INTO events (event_id, session_id, user_id, event, occurred_at) VALUES (74, 29, 25, 'topic_opened', '2025-01-30 16:43:13');
INSERT INTO events (event_id, session_id, user_id, event, occurred_at) VALUES (75, 29, 25, 'interactive_used', '2025-01-30 16:43:35');
INSERT INTO events (event_id, session_id, user_id, event, occurred_at) VALUES (76, 29, 25, 'topic_completed', '2025-01-30 16:45:01');
INSERT INTO events (event_id, session_id, user_id, event, occurred_at) VALUES (77, 30, 46, 'topic_opened', '2025-02-01 09:18:04');
INSERT INTO events (event_id, session_id, user_id, event, occurred_at) VALUES (78, 30, 46, 'topic_opened', '2025-02-01 09:18:37');
INSERT INTO events (event_id, session_id, user_id, event, occurred_at) VALUES (79, 30, 46, 'interactive_used', '2025-02-01 09:19:24');
INSERT INTO events (event_id, session_id, user_id, event, occurred_at) VALUES (80, 30, 46, 'topic_completed', '2025-02-01 09:20:21');
INSERT INTO events (event_id, session_id, user_id, event, occurred_at) VALUES (81, 31, 19, 'topic_opened', '2025-02-01 12:00:20');
INSERT INTO events (event_id, session_id, user_id, event, occurred_at) VALUES (82, 31, 19, 'topic_opened', '2025-02-01 12:00:48');
INSERT INTO events (event_id, session_id, user_id, event, occurred_at) VALUES (83, 32, 39, 'topic_opened', '2025-02-01 21:11:35');
INSERT INTO events (event_id, session_id, user_id, event, occurred_at) VALUES (84, 32, 39, 'topic_opened', '2025-02-01 21:11:43');
INSERT INTO events (event_id, session_id, user_id, event, occurred_at) VALUES (85, 32, 39, 'interactive_used', '2025-02-01 21:12:37');
INSERT INTO events (event_id, session_id, user_id, event, occurred_at) VALUES (86, 32, 39, 'topic_completed', '2025-02-01 21:12:42');
INSERT INTO events (event_id, session_id, user_id, event, occurred_at) VALUES (87, 33, 42, 'topic_opened', '2025-02-02 07:15:49');
INSERT INTO events (event_id, session_id, user_id, event, occurred_at) VALUES (88, 33, 42, 'topic_opened', '2025-02-02 07:16:21');
INSERT INTO events (event_id, session_id, user_id, event, occurred_at) VALUES (89, 33, 42, 'interactive_used', '2025-02-02 07:16:49');
INSERT INTO events (event_id, session_id, user_id, event, occurred_at) VALUES (90, 34, 23, 'topic_opened', '2025-02-02 10:25:28');
INSERT INTO events (event_id, session_id, user_id, event, occurred_at) VALUES (91, 35, 9, 'topic_opened', '2025-02-03 08:42:12');
INSERT INTO events (event_id, session_id, user_id, event, occurred_at) VALUES (92, 35, 9, 'interactive_used', '2025-02-03 08:43:01');
INSERT INTO events (event_id, session_id, user_id, event, occurred_at) VALUES (93, 35, 9, 'topic_completed', '2025-02-03 08:44:26');
INSERT INTO events (event_id, session_id, user_id, event, occurred_at) VALUES (94, 36, 2, 'topic_opened', '2025-02-03 18:57:11');
INSERT INTO events (event_id, session_id, user_id, event, occurred_at) VALUES (95, 36, 2, 'topic_opened', '2025-02-03 18:57:24');
INSERT INTO events (event_id, session_id, user_id, event, occurred_at) VALUES (96, 36, 2, 'interactive_used', '2025-02-03 18:57:55');
INSERT INTO events (event_id, session_id, user_id, event, occurred_at) VALUES (97, 36, 2, 'topic_completed', '2025-02-03 18:58:14');
INSERT INTO events (event_id, session_id, user_id, event, occurred_at) VALUES (98, 36, 2, 'topic_completed', '2025-02-03 18:59:18');
INSERT INTO events (event_id, session_id, user_id, event, occurred_at) VALUES (99, 38, 6, 'topic_opened', '2025-02-06 11:47:11');
INSERT INTO events (event_id, session_id, user_id, event, occurred_at) VALUES (100, 38, 6, 'topic_opened', '2025-02-06 11:47:45');
INSERT INTO events (event_id, session_id, user_id, event, occurred_at) VALUES (101, 38, 6, 'topic_opened', '2025-02-06 11:48:06');
INSERT INTO events (event_id, session_id, user_id, event, occurred_at) VALUES (102, 38, 6, 'interactive_used', '2025-02-06 11:49:04');
INSERT INTO events (event_id, session_id, user_id, event, occurred_at) VALUES (103, 38, 6, 'topic_completed', '2025-02-06 11:50:07');
INSERT INTO events (event_id, session_id, user_id, event, occurred_at) VALUES (104, 39, 14, 'topic_opened', '2025-02-07 09:56:42');
INSERT INTO events (event_id, session_id, user_id, event, occurred_at) VALUES (105, 39, 14, 'topic_opened', '2025-02-07 09:56:57');
INSERT INTO events (event_id, session_id, user_id, event, occurred_at) VALUES (106, 40, 9, 'topic_opened', '2025-02-07 09:59:59');
INSERT INTO events (event_id, session_id, user_id, event, occurred_at) VALUES (107, 41, 42, 'topic_opened', '2025-02-07 11:15:37');
INSERT INTO events (event_id, session_id, user_id, event, occurred_at) VALUES (108, 41, 42, 'interactive_used', '2025-02-07 11:15:59');
INSERT INTO events (event_id, session_id, user_id, event, occurred_at) VALUES (109, 41, 42, 'interactive_used', '2025-02-07 11:16:56');
INSERT INTO events (event_id, session_id, user_id, event, occurred_at) VALUES (110, 41, 42, 'topic_completed', '2025-02-07 11:18:16');
INSERT INTO events (event_id, session_id, user_id, event, occurred_at) VALUES (111, 42, 6, 'topic_opened', '2025-02-08 15:43:05');
INSERT INTO events (event_id, session_id, user_id, event, occurred_at) VALUES (112, 42, 6, 'topic_opened', '2025-02-08 15:43:17');
INSERT INTO events (event_id, session_id, user_id, event, occurred_at) VALUES (113, 42, 6, 'interactive_used', '2025-02-08 15:43:43');
INSERT INTO events (event_id, session_id, user_id, event, occurred_at) VALUES (114, 43, 14, 'topic_opened', '2025-02-08 16:11:00');
INSERT INTO events (event_id, session_id, user_id, event, occurred_at) VALUES (115, 44, 13, 'topic_opened', '2025-02-08 16:29:38');
INSERT INTO events (event_id, session_id, user_id, event, occurred_at) VALUES (116, 44, 13, 'topic_opened', '2025-02-08 16:30:17');
INSERT INTO events (event_id, session_id, user_id, event, occurred_at) VALUES (117, 44, 13, 'interactive_used', '2025-02-08 16:30:48');
INSERT INTO events (event_id, session_id, user_id, event, occurred_at) VALUES (118, 44, 13, 'interactive_used', '2025-02-08 16:30:55');
INSERT INTO events (event_id, session_id, user_id, event, occurred_at) VALUES (119, 44, 13, 'topic_completed', '2025-02-08 16:31:48');
INSERT INTO events (event_id, session_id, user_id, event, occurred_at) VALUES (120, 45, 34, 'topic_opened', '2025-02-08 17:21:09');
INSERT INTO events (event_id, session_id, user_id, event, occurred_at) VALUES (121, 45, 34, 'interactive_used', '2025-02-08 17:21:46');
INSERT INTO events (event_id, session_id, user_id, event, occurred_at) VALUES (122, 46, 39, 'topic_opened', '2025-02-09 19:20:22');
INSERT INTO events (event_id, session_id, user_id, event, occurred_at) VALUES (123, 47, 17, 'topic_opened', '2025-02-10 09:57:20');
INSERT INTO events (event_id, session_id, user_id, event, occurred_at) VALUES (124, 48, 9, 'topic_opened', '2025-02-10 12:24:12');
INSERT INTO events (event_id, session_id, user_id, event, occurred_at) VALUES (125, 48, 9, 'interactive_used', '2025-02-10 12:24:26');
INSERT INTO events (event_id, session_id, user_id, event, occurred_at) VALUES (126, 48, 9, 'interactive_used', '2025-02-10 12:24:35');
INSERT INTO events (event_id, session_id, user_id, event, occurred_at) VALUES (127, 48, 9, 'topic_completed', '2025-02-10 12:25:23');
INSERT INTO events (event_id, session_id, user_id, event, occurred_at) VALUES (128, 48, 9, 'topic_completed', '2025-02-10 12:26:47');
INSERT INTO events (event_id, session_id, user_id, event, occurred_at) VALUES (129, 49, 40, 'topic_opened', '2025-02-10 15:53:13');
INSERT INTO events (event_id, session_id, user_id, event, occurred_at) VALUES (130, 49, 40, 'topic_opened', '2025-02-10 15:53:37');
INSERT INTO events (event_id, session_id, user_id, event, occurred_at) VALUES (131, 50, 4, 'topic_opened', '2025-02-10 16:26:09');
INSERT INTO events (event_id, session_id, user_id, event, occurred_at) VALUES (132, 50, 4, 'topic_opened', '2025-02-10 16:26:32');
INSERT INTO events (event_id, session_id, user_id, event, occurred_at) VALUES (133, 51, 44, 'topic_opened', '2025-02-10 19:26:19');
INSERT INTO events (event_id, session_id, user_id, event, occurred_at) VALUES (134, 51, 44, 'topic_opened', '2025-02-10 19:26:56');
INSERT INTO events (event_id, session_id, user_id, event, occurred_at) VALUES (135, 51, 44, 'interactive_used', '2025-02-10 19:27:41');
INSERT INTO events (event_id, session_id, user_id, event, occurred_at) VALUES (136, 52, 17, 'topic_opened', '2025-02-11 15:11:04');
INSERT INTO events (event_id, session_id, user_id, event, occurred_at) VALUES (137, 53, 37, 'topic_opened', '2025-02-12 22:00:31');
INSERT INTO events (event_id, session_id, user_id, event, occurred_at) VALUES (138, 54, 20, 'topic_opened', '2025-02-13 14:13:01');
INSERT INTO events (event_id, session_id, user_id, event, occurred_at) VALUES (139, 54, 20, 'topic_opened', '2025-02-13 14:13:32');
INSERT INTO events (event_id, session_id, user_id, event, occurred_at) VALUES (140, 54, 20, 'interactive_used', '2025-02-13 14:13:38');
INSERT INTO events (event_id, session_id, user_id, event, occurred_at) VALUES (141, 54, 20, 'topic_completed', '2025-02-13 14:14:20');
INSERT INTO events (event_id, session_id, user_id, event, occurred_at) VALUES (142, 54, 20, 'topic_completed', '2025-02-13 14:15:10');
INSERT INTO events (event_id, session_id, user_id, event, occurred_at) VALUES (143, 55, 7, 'topic_opened', '2025-02-13 14:50:42');
INSERT INTO events (event_id, session_id, user_id, event, occurred_at) VALUES (144, 55, 7, 'interactive_used', '2025-02-13 14:51:30');
INSERT INTO events (event_id, session_id, user_id, event, occurred_at) VALUES (145, 56, 19, 'topic_opened', '2025-02-13 20:01:19');
INSERT INTO events (event_id, session_id, user_id, event, occurred_at) VALUES (146, 57, 40, 'topic_opened', '2025-02-14 07:47:52');
INSERT INTO events (event_id, session_id, user_id, event, occurred_at) VALUES (147, 57, 40, 'interactive_used', '2025-02-14 07:48:11');
INSERT INTO events (event_id, session_id, user_id, event, occurred_at) VALUES (148, 57, 40, 'topic_completed', '2025-02-14 07:48:48');
INSERT INTO events (event_id, session_id, user_id, event, occurred_at) VALUES (149, 58, 38, 'topic_opened', '2025-02-14 07:58:57');
INSERT INTO events (event_id, session_id, user_id, event, occurred_at) VALUES (150, 58, 38, 'topic_opened', '2025-02-14 07:59:18');
INSERT INTO events (event_id, session_id, user_id, event, occurred_at) VALUES (151, 59, 46, 'topic_opened', '2025-02-14 14:49:00');
INSERT INTO events (event_id, session_id, user_id, event, occurred_at) VALUES (152, 60, 33, 'topic_opened', '2025-02-14 21:17:10');
INSERT INTO events (event_id, session_id, user_id, event, occurred_at) VALUES (153, 60, 33, 'topic_opened', '2025-02-14 21:17:40');
INSERT INTO events (event_id, session_id, user_id, event, occurred_at) VALUES (154, 60, 33, 'topic_opened', '2025-02-14 21:17:59');
INSERT INTO events (event_id, session_id, user_id, event, occurred_at) VALUES (155, 60, 33, 'interactive_used', '2025-02-14 21:18:28');
INSERT INTO events (event_id, session_id, user_id, event, occurred_at) VALUES (156, 61, 15, 'topic_opened', '2025-02-15 07:43:19');
INSERT INTO events (event_id, session_id, user_id, event, occurred_at) VALUES (157, 62, 2, 'topic_opened', '2025-02-15 14:03:36');
INSERT INTO events (event_id, session_id, user_id, event, occurred_at) VALUES (158, 62, 2, 'topic_opened', '2025-02-15 14:03:40');
INSERT INTO events (event_id, session_id, user_id, event, occurred_at) VALUES (159, 63, 32, 'topic_opened', '2025-02-15 20:54:18');
INSERT INTO events (event_id, session_id, user_id, event, occurred_at) VALUES (160, 63, 32, 'topic_opened', '2025-02-15 20:54:21');
INSERT INTO events (event_id, session_id, user_id, event, occurred_at) VALUES (161, 64, 29, 'topic_opened', '2025-02-16 16:14:57');
INSERT INTO events (event_id, session_id, user_id, event, occurred_at) VALUES (162, 64, 29, 'topic_opened', '2025-02-16 16:15:31');
INSERT INTO events (event_id, session_id, user_id, event, occurred_at) VALUES (163, 65, 27, 'topic_opened', '2025-02-16 17:29:45');
INSERT INTO events (event_id, session_id, user_id, event, occurred_at) VALUES (164, 65, 27, 'topic_opened', '2025-02-16 17:30:10');
INSERT INTO events (event_id, session_id, user_id, event, occurred_at) VALUES (165, 65, 27, 'topic_opened', '2025-02-16 17:30:27');
INSERT INTO events (event_id, session_id, user_id, event, occurred_at) VALUES (166, 66, 19, 'topic_opened', '2025-02-17 12:52:02');
INSERT INTO events (event_id, session_id, user_id, event, occurred_at) VALUES (167, 66, 19, 'topic_opened', '2025-02-17 12:52:11');
INSERT INTO events (event_id, session_id, user_id, event, occurred_at) VALUES (168, 67, 35, 'topic_opened', '2025-02-17 13:04:48');
INSERT INTO events (event_id, session_id, user_id, event, occurred_at) VALUES (169, 67, 35, 'topic_opened', '2025-02-17 13:05:19');
INSERT INTO events (event_id, session_id, user_id, event, occurred_at) VALUES (170, 67, 35, 'interactive_used', '2025-02-17 13:05:32');
INSERT INTO events (event_id, session_id, user_id, event, occurred_at) VALUES (171, 67, 35, 'topic_completed', '2025-02-17 13:06:30');
INSERT INTO events (event_id, session_id, user_id, event, occurred_at) VALUES (172, 68, 1, 'topic_opened', '2025-02-17 13:09:34');
INSERT INTO events (event_id, session_id, user_id, event, occurred_at) VALUES (173, 69, 32, 'topic_opened', '2025-02-18 21:57:36');
INSERT INTO events (event_id, session_id, user_id, event, occurred_at) VALUES (174, 69, 32, 'topic_opened', '2025-02-18 21:58:12');
INSERT INTO events (event_id, session_id, user_id, event, occurred_at) VALUES (175, 69, 32, 'interactive_used', '2025-02-18 21:58:27');
INSERT INTO events (event_id, session_id, user_id, event, occurred_at) VALUES (176, 69, 32, 'topic_completed', '2025-02-18 21:59:33');
INSERT INTO events (event_id, session_id, user_id, event, occurred_at) VALUES (177, 69, 32, 'topic_completed', '2025-02-18 22:00:15');
INSERT INTO events (event_id, session_id, user_id, event, occurred_at) VALUES (178, 70, 8, 'topic_opened', '2025-02-19 14:12:36');
INSERT INTO events (event_id, session_id, user_id, event, occurred_at) VALUES (179, 70, 8, 'topic_opened', '2025-02-19 14:12:46');
INSERT INTO events (event_id, session_id, user_id, event, occurred_at) VALUES (180, 70, 8, 'interactive_used', '2025-02-19 14:13:39');
INSERT INTO events (event_id, session_id, user_id, event, occurred_at) VALUES (181, 71, 46, 'topic_opened', '2025-02-19 15:40:19');
INSERT INTO events (event_id, session_id, user_id, event, occurred_at) VALUES (182, 71, 46, 'topic_opened', '2025-02-19 15:40:57');
INSERT INTO events (event_id, session_id, user_id, event, occurred_at) VALUES (183, 71, 46, 'interactive_used', '2025-02-19 15:41:02');
INSERT INTO events (event_id, session_id, user_id, event, occurred_at) VALUES (184, 71, 46, 'interactive_used', '2025-02-19 15:41:23');
INSERT INTO events (event_id, session_id, user_id, event, occurred_at) VALUES (185, 72, 46, 'topic_opened', '2025-02-20 22:29:46');
INSERT INTO events (event_id, session_id, user_id, event, occurred_at) VALUES (186, 73, 14, 'topic_opened', '2025-02-21 10:05:00');
INSERT INTO events (event_id, session_id, user_id, event, occurred_at) VALUES (187, 73, 14, 'topic_opened', '2025-02-21 10:05:09');
INSERT INTO events (event_id, session_id, user_id, event, occurred_at) VALUES (188, 75, 3, 'topic_opened', '2025-02-22 11:09:20');
INSERT INTO events (event_id, session_id, user_id, event, occurred_at) VALUES (189, 75, 3, 'interactive_used', '2025-02-22 11:10:06');
INSERT INTO events (event_id, session_id, user_id, event, occurred_at) VALUES (190, 75, 3, 'topic_completed', '2025-02-22 11:10:49');
INSERT INTO events (event_id, session_id, user_id, event, occurred_at) VALUES (191, 75, 3, 'topic_completed', '2025-02-22 11:12:17');
INSERT INTO events (event_id, session_id, user_id, event, occurred_at) VALUES (192, 76, 9, 'topic_opened', '2025-02-22 12:26:42');
INSERT INTO events (event_id, session_id, user_id, event, occurred_at) VALUES (193, 76, 9, 'interactive_used', '2025-02-22 12:27:18');
INSERT INTO events (event_id, session_id, user_id, event, occurred_at) VALUES (194, 76, 9, 'topic_completed', '2025-02-22 12:28:31');
INSERT INTO events (event_id, session_id, user_id, event, occurred_at) VALUES (195, 77, 15, 'topic_opened', '2025-02-23 11:16:39');
INSERT INTO events (event_id, session_id, user_id, event, occurred_at) VALUES (196, 77, 15, 'interactive_used', '2025-02-23 11:17:28');
INSERT INTO events (event_id, session_id, user_id, event, occurred_at) VALUES (197, 77, 15, 'interactive_used', '2025-02-23 11:18:07');
INSERT INTO events (event_id, session_id, user_id, event, occurred_at) VALUES (198, 77, 15, 'topic_completed', '2025-02-23 11:18:31');
INSERT INTO events (event_id, session_id, user_id, event, occurred_at) VALUES (199, 78, 15, 'topic_opened', '2025-02-23 11:17:27');
INSERT INTO events (event_id, session_id, user_id, event, occurred_at) VALUES (200, 78, 15, 'topic_opened', '2025-02-23 11:18:01');
INSERT INTO events (event_id, session_id, user_id, event, occurred_at) VALUES (201, 79, 16, 'topic_opened', '2025-02-23 13:44:00');
INSERT INTO events (event_id, session_id, user_id, event, occurred_at) VALUES (202, 79, 16, 'topic_opened', '2025-02-23 13:44:05');
INSERT INTO events (event_id, session_id, user_id, event, occurred_at) VALUES (203, 79, 16, 'topic_opened', '2025-02-23 13:44:31');
INSERT INTO events (event_id, session_id, user_id, event, occurred_at) VALUES (204, 79, 16, 'interactive_used', '2025-02-23 13:44:51');
INSERT INTO events (event_id, session_id, user_id, event, occurred_at) VALUES (205, 80, 46, 'topic_opened', '2025-02-23 15:21:20');
INSERT INTO events (event_id, session_id, user_id, event, occurred_at) VALUES (206, 80, 46, 'interactive_used', '2025-02-23 15:21:47');
INSERT INTO events (event_id, session_id, user_id, event, occurred_at) VALUES (207, 80, 46, 'interactive_used', '2025-02-23 15:21:55');
INSERT INTO events (event_id, session_id, user_id, event, occurred_at) VALUES (208, 80, 46, 'topic_completed', '2025-02-23 15:22:15');
INSERT INTO events (event_id, session_id, user_id, event, occurred_at) VALUES (209, 81, 29, 'topic_opened', '2025-02-23 21:27:28');
INSERT INTO events (event_id, session_id, user_id, event, occurred_at) VALUES (210, 81, 29, 'topic_opened', '2025-02-23 21:27:36');
INSERT INTO events (event_id, session_id, user_id, event, occurred_at) VALUES (211, 81, 29, 'topic_opened', '2025-02-23 21:27:52');
INSERT INTO events (event_id, session_id, user_id, event, occurred_at) VALUES (212, 82, 36, 'topic_opened', '2025-02-24 07:55:00');
INSERT INTO events (event_id, session_id, user_id, event, occurred_at) VALUES (213, 82, 36, 'topic_opened', '2025-02-24 07:55:06');
INSERT INTO events (event_id, session_id, user_id, event, occurred_at) VALUES (214, 83, 44, 'topic_opened', '2025-02-24 09:37:55');
INSERT INTO events (event_id, session_id, user_id, event, occurred_at) VALUES (215, 84, 12, 'topic_opened', '2025-02-24 14:38:16');
INSERT INTO events (event_id, session_id, user_id, event, occurred_at) VALUES (216, 84, 12, 'interactive_used', '2025-02-24 14:39:16');
INSERT INTO events (event_id, session_id, user_id, event, occurred_at) VALUES (217, 84, 12, 'topic_completed', '2025-02-24 14:40:37');
INSERT INTO events (event_id, session_id, user_id, event, occurred_at) VALUES (218, 84, 12, 'topic_completed', '2025-02-24 14:40:42');
INSERT INTO events (event_id, session_id, user_id, event, occurred_at) VALUES (219, 85, 12, 'topic_opened', '2025-02-25 17:59:28');
INSERT INTO events (event_id, session_id, user_id, event, occurred_at) VALUES (220, 86, 21, 'topic_opened', '2025-02-26 16:53:04');
INSERT INTO events (event_id, session_id, user_id, event, occurred_at) VALUES (221, 86, 21, 'interactive_used', '2025-02-26 16:53:17');
INSERT INTO events (event_id, session_id, user_id, event, occurred_at) VALUES (222, 86, 21, 'interactive_used', '2025-02-26 16:53:22');
INSERT INTO events (event_id, session_id, user_id, event, occurred_at) VALUES (223, 86, 21, 'topic_completed', '2025-02-26 16:54:42');
INSERT INTO events (event_id, session_id, user_id, event, occurred_at) VALUES (224, 86, 21, 'topic_completed', '2025-02-26 16:55:28');
INSERT INTO events (event_id, session_id, user_id, event, occurred_at) VALUES (225, 87, 8, 'topic_opened', '2025-02-27 21:52:14');
INSERT INTO events (event_id, session_id, user_id, event, occurred_at) VALUES (226, 87, 8, 'interactive_used', '2025-02-27 21:52:52');
INSERT INTO events (event_id, session_id, user_id, event, occurred_at) VALUES (227, 87, 8, 'interactive_used', '2025-02-27 21:53:04');
INSERT INTO events (event_id, session_id, user_id, event, occurred_at) VALUES (228, 88, 16, 'topic_opened', '2025-02-28 09:40:53');
INSERT INTO events (event_id, session_id, user_id, event, occurred_at) VALUES (229, 88, 16, 'interactive_used', '2025-02-28 09:41:30');
INSERT INTO events (event_id, session_id, user_id, event, occurred_at) VALUES (230, 88, 16, 'topic_completed', '2025-02-28 09:42:59');
INSERT INTO events (event_id, session_id, user_id, event, occurred_at) VALUES (231, 89, 18, 'topic_opened', '2025-02-28 18:38:07');
INSERT INTO events (event_id, session_id, user_id, event, occurred_at) VALUES (232, 90, 22, 'topic_opened', '2025-03-01 10:56:49');
INSERT INTO events (event_id, session_id, user_id, event, occurred_at) VALUES (233, 91, 28, 'topic_opened', '2025-03-01 17:06:01');
INSERT INTO events (event_id, session_id, user_id, event, occurred_at) VALUES (234, 91, 28, 'interactive_used', '2025-03-01 17:06:10');
INSERT INTO events (event_id, session_id, user_id, event, occurred_at) VALUES (235, 91, 28, 'interactive_used', '2025-03-01 17:06:20');
INSERT INTO events (event_id, session_id, user_id, event, occurred_at) VALUES (236, 91, 28, 'topic_completed', '2025-03-01 17:06:41');
INSERT INTO events (event_id, session_id, user_id, event, occurred_at) VALUES (237, 92, 23, 'topic_opened', '2025-03-02 07:34:39');
INSERT INTO events (event_id, session_id, user_id, event, occurred_at) VALUES (238, 92, 23, 'interactive_used', '2025-03-02 07:35:22');
INSERT INTO events (event_id, session_id, user_id, event, occurred_at) VALUES (239, 93, 45, 'topic_opened', '2025-03-02 08:23:04');
INSERT INTO events (event_id, session_id, user_id, event, occurred_at) VALUES (240, 93, 45, 'interactive_used', '2025-03-02 08:24:03');
INSERT INTO events (event_id, session_id, user_id, event, occurred_at) VALUES (241, 93, 45, 'interactive_used', '2025-03-02 08:24:49');
INSERT INTO events (event_id, session_id, user_id, event, occurred_at) VALUES (242, 94, 33, 'topic_opened', '2025-03-02 15:50:05');
INSERT INTO events (event_id, session_id, user_id, event, occurred_at) VALUES (243, 94, 33, 'topic_opened', '2025-03-02 15:50:35');
INSERT INTO events (event_id, session_id, user_id, event, occurred_at) VALUES (244, 94, 33, 'interactive_used', '2025-03-02 15:51:01');
INSERT INTO events (event_id, session_id, user_id, event, occurred_at) VALUES (245, 95, 24, 'topic_opened', '2025-03-02 17:43:03');
INSERT INTO events (event_id, session_id, user_id, event, occurred_at) VALUES (246, 95, 24, 'interactive_used', '2025-03-02 17:43:24');
INSERT INTO events (event_id, session_id, user_id, event, occurred_at) VALUES (247, 95, 24, 'topic_completed', '2025-03-02 17:44:29');
INSERT INTO events (event_id, session_id, user_id, event, occurred_at) VALUES (248, 96, 37, 'topic_opened', '2025-03-02 20:31:09');
INSERT INTO events (event_id, session_id, user_id, event, occurred_at) VALUES (249, 96, 37, 'interactive_used', '2025-03-02 20:32:01');
INSERT INTO events (event_id, session_id, user_id, event, occurred_at) VALUES (250, 96, 37, 'topic_completed', '2025-03-02 20:32:13');
INSERT INTO events (event_id, session_id, user_id, event, occurred_at) VALUES (251, 97, 29, 'topic_opened', '2025-03-03 11:01:40');
INSERT INTO events (event_id, session_id, user_id, event, occurred_at) VALUES (252, 97, 29, 'topic_opened', '2025-03-03 11:02:18');
INSERT INTO events (event_id, session_id, user_id, event, occurred_at) VALUES (253, 97, 29, 'interactive_used', '2025-03-03 11:02:45');
INSERT INTO events (event_id, session_id, user_id, event, occurred_at) VALUES (254, 98, 17, 'topic_opened', '2025-03-03 20:35:30');
INSERT INTO events (event_id, session_id, user_id, event, occurred_at) VALUES (255, 98, 17, 'topic_opened', '2025-03-03 20:35:36');
INSERT INTO events (event_id, session_id, user_id, event, occurred_at) VALUES (256, 98, 17, 'topic_opened', '2025-03-03 20:35:57');
INSERT INTO events (event_id, session_id, user_id, event, occurred_at) VALUES (257, 99, 2, 'topic_opened', '2025-03-04 09:06:25');
INSERT INTO events (event_id, session_id, user_id, event, occurred_at) VALUES (258, 99, 2, 'interactive_used', '2025-03-04 09:07:00');
INSERT INTO events (event_id, session_id, user_id, event, occurred_at) VALUES (259, 99, 2, 'topic_completed', '2025-03-04 09:08:16');
INSERT INTO events (event_id, session_id, user_id, event, occurred_at) VALUES (260, 100, 21, 'topic_opened', '2025-03-04 15:23:01');
INSERT INTO events (event_id, session_id, user_id, event, occurred_at) VALUES (261, 101, 37, 'topic_opened', '2025-03-04 19:55:35');
INSERT INTO events (event_id, session_id, user_id, event, occurred_at) VALUES (262, 101, 37, 'topic_opened', '2025-03-04 19:56:13');
INSERT INTO events (event_id, session_id, user_id, event, occurred_at) VALUES (263, 101, 37, 'interactive_used', '2025-03-04 19:57:11');
INSERT INTO events (event_id, session_id, user_id, event, occurred_at) VALUES (264, 101, 37, 'interactive_used', '2025-03-04 19:58:00');
INSERT INTO events (event_id, session_id, user_id, event, occurred_at) VALUES (265, 101, 37, 'topic_completed', '2025-03-04 19:58:44');
INSERT INTO events (event_id, session_id, user_id, event, occurred_at) VALUES (266, 102, 33, 'topic_opened', '2025-03-04 21:05:10');
INSERT INTO events (event_id, session_id, user_id, event, occurred_at) VALUES (267, 102, 33, 'topic_opened', '2025-03-04 21:05:13');
INSERT INTO events (event_id, session_id, user_id, event, occurred_at) VALUES (268, 102, 33, 'topic_opened', '2025-03-04 21:05:27');
INSERT INTO events (event_id, session_id, user_id, event, occurred_at) VALUES (269, 103, 10, 'topic_opened', '2025-03-04 21:18:55');
INSERT INTO events (event_id, session_id, user_id, event, occurred_at) VALUES (270, 103, 10, 'topic_opened', '2025-03-04 21:19:02');
INSERT INTO events (event_id, session_id, user_id, event, occurred_at) VALUES (271, 103, 10, 'interactive_used', '2025-03-04 21:19:08');
INSERT INTO events (event_id, session_id, user_id, event, occurred_at) VALUES (272, 103, 10, 'topic_completed', '2025-03-04 21:20:01');
INSERT INTO events (event_id, session_id, user_id, event, occurred_at) VALUES (273, 104, 8, 'topic_opened', '2025-03-06 15:29:39');
INSERT INTO events (event_id, session_id, user_id, event, occurred_at) VALUES (274, 104, 8, 'interactive_used', '2025-03-06 15:30:04');
INSERT INTO events (event_id, session_id, user_id, event, occurred_at) VALUES (275, 105, 18, 'topic_opened', '2025-03-06 18:13:51');
INSERT INTO events (event_id, session_id, user_id, event, occurred_at) VALUES (276, 105, 18, 'topic_opened', '2025-03-06 18:13:57');
INSERT INTO events (event_id, session_id, user_id, event, occurred_at) VALUES (277, 105, 18, 'interactive_used', '2025-03-06 18:14:05');
INSERT INTO events (event_id, session_id, user_id, event, occurred_at) VALUES (278, 105, 18, 'interactive_used', '2025-03-06 18:14:53');
INSERT INTO events (event_id, session_id, user_id, event, occurred_at) VALUES (279, 105, 18, 'topic_completed', '2025-03-06 18:15:52');
INSERT INTO events (event_id, session_id, user_id, event, occurred_at) VALUES (280, 106, 29, 'topic_opened', '2025-03-06 22:40:25');
INSERT INTO events (event_id, session_id, user_id, event, occurred_at) VALUES (281, 106, 29, 'interactive_used', '2025-03-06 22:41:02');
INSERT INTO events (event_id, session_id, user_id, event, occurred_at) VALUES (282, 106, 29, 'topic_completed', '2025-03-06 22:41:43');
INSERT INTO events (event_id, session_id, user_id, event, occurred_at) VALUES (283, 107, 42, 'topic_opened', '2025-03-07 15:50:03');
INSERT INTO events (event_id, session_id, user_id, event, occurred_at) VALUES (284, 107, 42, 'topic_opened', '2025-03-07 15:50:37');
INSERT INTO events (event_id, session_id, user_id, event, occurred_at) VALUES (285, 107, 42, 'interactive_used', '2025-03-07 15:50:56');
INSERT INTO events (event_id, session_id, user_id, event, occurred_at) VALUES (286, 107, 42, 'topic_completed', '2025-03-07 15:51:01');
INSERT INTO events (event_id, session_id, user_id, event, occurred_at) VALUES (287, 108, 42, 'topic_opened', '2025-03-08 10:36:29');
INSERT INTO events (event_id, session_id, user_id, event, occurred_at) VALUES (288, 109, 10, 'topic_opened', '2025-03-09 08:37:51');
INSERT INTO events (event_id, session_id, user_id, event, occurred_at) VALUES (289, 109, 10, 'topic_opened', '2025-03-09 08:38:14');
INSERT INTO events (event_id, session_id, user_id, event, occurred_at) VALUES (290, 109, 10, 'interactive_used', '2025-03-09 08:38:46');
INSERT INTO events (event_id, session_id, user_id, event, occurred_at) VALUES (291, 109, 10, 'topic_completed', '2025-03-09 08:39:20');
INSERT INTO events (event_id, session_id, user_id, event, occurred_at) VALUES (292, 111, 9, 'topic_opened', '2025-03-09 13:55:50');
INSERT INTO events (event_id, session_id, user_id, event, occurred_at) VALUES (293, 111, 9, 'interactive_used', '2025-03-09 13:55:57');
INSERT INTO events (event_id, session_id, user_id, event, occurred_at) VALUES (294, 111, 9, 'interactive_used', '2025-03-09 13:56:29');
INSERT INTO events (event_id, session_id, user_id, event, occurred_at) VALUES (295, 111, 9, 'topic_completed', '2025-03-09 13:57:14');
INSERT INTO events (event_id, session_id, user_id, event, occurred_at) VALUES (296, 111, 9, 'topic_completed', '2025-03-09 13:58:32');
INSERT INTO events (event_id, session_id, user_id, event, occurred_at) VALUES (297, 112, 23, 'topic_opened', '2025-03-11 13:16:30');
INSERT INTO events (event_id, session_id, user_id, event, occurred_at) VALUES (298, 113, 37, 'topic_opened', '2025-03-11 14:31:24');
INSERT INTO events (event_id, session_id, user_id, event, occurred_at) VALUES (299, 113, 37, 'interactive_used', '2025-03-11 14:31:39');
INSERT INTO events (event_id, session_id, user_id, event, occurred_at) VALUES (300, 113, 37, 'interactive_used', '2025-03-11 14:32:35');
INSERT INTO events (event_id, session_id, user_id, event, occurred_at) VALUES (301, 114, 7, 'topic_opened', '2025-03-12 13:06:32');
INSERT INTO events (event_id, session_id, user_id, event, occurred_at) VALUES (302, 114, 7, 'interactive_used', '2025-03-12 13:06:52');
INSERT INTO events (event_id, session_id, user_id, event, occurred_at) VALUES (303, 114, 7, 'interactive_used', '2025-03-12 13:07:24');
INSERT INTO events (event_id, session_id, user_id, event, occurred_at) VALUES (304, 115, 21, 'topic_opened', '2025-03-12 19:21:45');
INSERT INTO events (event_id, session_id, user_id, event, occurred_at) VALUES (305, 116, 7, 'topic_opened', '2025-03-13 18:27:43');
INSERT INTO events (event_id, session_id, user_id, event, occurred_at) VALUES (306, 116, 7, 'topic_opened', '2025-03-13 18:28:07');
INSERT INTO events (event_id, session_id, user_id, event, occurred_at) VALUES (307, 117, 18, 'topic_opened', '2025-03-13 20:08:12');
INSERT INTO events (event_id, session_id, user_id, event, occurred_at) VALUES (308, 117, 18, 'interactive_used', '2025-03-13 20:09:06');
INSERT INTO events (event_id, session_id, user_id, event, occurred_at) VALUES (309, 117, 18, 'topic_completed', '2025-03-13 20:10:33');
INSERT INTO events (event_id, session_id, user_id, event, occurred_at) VALUES (310, 118, 16, 'topic_opened', '2025-03-13 22:17:15');
INSERT INTO events (event_id, session_id, user_id, event, occurred_at) VALUES (311, 118, 16, 'topic_opened', '2025-03-13 22:17:24');
INSERT INTO events (event_id, session_id, user_id, event, occurred_at) VALUES (312, 118, 16, 'interactive_used', '2025-03-13 22:18:07');
INSERT INTO events (event_id, session_id, user_id, event, occurred_at) VALUES (313, 118, 16, 'topic_completed', '2025-03-13 22:18:21');
INSERT INTO events (event_id, session_id, user_id, event, occurred_at) VALUES (314, 118, 16, 'topic_completed', '2025-03-13 22:18:48');
INSERT INTO events (event_id, session_id, user_id, event, occurred_at) VALUES (315, 119, 21, 'topic_opened', '2025-03-14 14:02:16');
INSERT INTO events (event_id, session_id, user_id, event, occurred_at) VALUES (316, 119, 21, 'topic_opened', '2025-03-14 14:02:48');
INSERT INTO events (event_id, session_id, user_id, event, occurred_at) VALUES (317, 119, 21, 'topic_opened', '2025-03-14 14:03:27');
INSERT INTO events (event_id, session_id, user_id, event, occurred_at) VALUES (318, 120, 7, 'topic_opened', '2025-03-15 08:44:20');
INSERT INTO events (event_id, session_id, user_id, event, occurred_at) VALUES (319, 121, 29, 'topic_opened', '2025-03-15 22:25:38');
INSERT INTO events (event_id, session_id, user_id, event, occurred_at) VALUES (320, 121, 29, 'topic_opened', '2025-03-15 22:26:01');
INSERT INTO events (event_id, session_id, user_id, event, occurred_at) VALUES (321, 121, 29, 'topic_opened', '2025-03-15 22:26:13');
INSERT INTO events (event_id, session_id, user_id, event, occurred_at) VALUES (322, 121, 29, 'interactive_used', '2025-03-15 22:26:58');
INSERT INTO events (event_id, session_id, user_id, event, occurred_at) VALUES (323, 121, 29, 'topic_completed', '2025-03-15 22:27:10');
INSERT INTO events (event_id, session_id, user_id, event, occurred_at) VALUES (324, 122, 34, 'topic_opened', '2025-03-16 09:08:16');
INSERT INTO events (event_id, session_id, user_id, event, occurred_at) VALUES (325, 122, 34, 'interactive_used', '2025-03-16 09:08:24');
INSERT INTO events (event_id, session_id, user_id, event, occurred_at) VALUES (326, 122, 34, 'topic_completed', '2025-03-16 09:09:51');
INSERT INTO events (event_id, session_id, user_id, event, occurred_at) VALUES (327, 123, 22, 'topic_opened', '2025-03-16 15:02:14');
INSERT INTO events (event_id, session_id, user_id, event, occurred_at) VALUES (328, 123, 22, 'topic_opened', '2025-03-16 15:02:49');
INSERT INTO events (event_id, session_id, user_id, event, occurred_at) VALUES (329, 123, 22, 'interactive_used', '2025-03-16 15:03:44');
INSERT INTO events (event_id, session_id, user_id, event, occurred_at) VALUES (330, 124, 35, 'topic_opened', '2025-03-18 17:35:08');
INSERT INTO events (event_id, session_id, user_id, event, occurred_at) VALUES (331, 125, 4, 'topic_opened', '2025-03-18 21:07:48');
INSERT INTO events (event_id, session_id, user_id, event, occurred_at) VALUES (332, 125, 4, 'interactive_used', '2025-03-18 21:08:21');
INSERT INTO events (event_id, session_id, user_id, event, occurred_at) VALUES (333, 125, 4, 'interactive_used', '2025-03-18 21:08:32');
INSERT INTO events (event_id, session_id, user_id, event, occurred_at) VALUES (334, 126, 18, 'topic_opened', '2025-03-19 10:22:57');
INSERT INTO events (event_id, session_id, user_id, event, occurred_at) VALUES (335, 126, 18, 'topic_opened', '2025-03-19 10:23:32');
INSERT INTO events (event_id, session_id, user_id, event, occurred_at) VALUES (336, 127, 26, 'topic_opened', '2025-03-19 12:40:07');
INSERT INTO events (event_id, session_id, user_id, event, occurred_at) VALUES (337, 128, 33, 'topic_opened', '2025-03-20 22:40:28');
INSERT INTO events (event_id, session_id, user_id, event, occurred_at) VALUES (338, 128, 33, 'interactive_used', '2025-03-20 22:40:57');
INSERT INTO events (event_id, session_id, user_id, event, occurred_at) VALUES (339, 128, 33, 'interactive_used', '2025-03-20 22:41:28');
INSERT INTO events (event_id, session_id, user_id, event, occurred_at) VALUES (340, 129, 18, 'topic_opened', '2025-03-23 18:58:05');
INSERT INTO events (event_id, session_id, user_id, event, occurred_at) VALUES (341, 129, 18, 'topic_opened', '2025-03-23 18:58:29');
INSERT INTO events (event_id, session_id, user_id, event, occurred_at) VALUES (342, 129, 18, 'interactive_used', '2025-03-23 18:59:17');
INSERT INTO events (event_id, session_id, user_id, event, occurred_at) VALUES (343, 129, 18, 'topic_completed', '2025-03-23 19:00:46');
INSERT INTO events (event_id, session_id, user_id, event, occurred_at) VALUES (344, 130, 10, 'topic_opened', '2025-03-24 13:03:49');
INSERT INTO events (event_id, session_id, user_id, event, occurred_at) VALUES (345, 130, 10, 'topic_opened', '2025-03-24 13:04:13');
INSERT INTO events (event_id, session_id, user_id, event, occurred_at) VALUES (346, 130, 10, 'topic_opened', '2025-03-24 13:04:21');
INSERT INTO events (event_id, session_id, user_id, event, occurred_at) VALUES (347, 131, 44, 'topic_opened', '2025-03-24 14:07:09');
INSERT INTO events (event_id, session_id, user_id, event, occurred_at) VALUES (348, 131, 44, 'interactive_used', '2025-03-24 14:07:56');
INSERT INTO events (event_id, session_id, user_id, event, occurred_at) VALUES (349, 131, 44, 'interactive_used', '2025-03-24 14:08:26');
INSERT INTO events (event_id, session_id, user_id, event, occurred_at) VALUES (350, 131, 44, 'topic_completed', '2025-03-24 14:08:41');
INSERT INTO events (event_id, session_id, user_id, event, occurred_at) VALUES (351, 132, 15, 'topic_opened', '2025-03-24 17:00:09');
INSERT INTO events (event_id, session_id, user_id, event, occurred_at) VALUES (352, 133, 4, 'topic_opened', '2025-03-26 18:29:08');
INSERT INTO events (event_id, session_id, user_id, event, occurred_at) VALUES (353, 134, 7, 'topic_opened', '2025-03-27 10:04:01');
INSERT INTO events (event_id, session_id, user_id, event, occurred_at) VALUES (354, 134, 7, 'topic_opened', '2025-03-27 10:04:09');
INSERT INTO events (event_id, session_id, user_id, event, occurred_at) VALUES (355, 135, 3, 'topic_opened', '2025-03-28 12:16:59');
INSERT INTO events (event_id, session_id, user_id, event, occurred_at) VALUES (356, 135, 3, 'interactive_used', '2025-03-28 12:17:17');
INSERT INTO events (event_id, session_id, user_id, event, occurred_at) VALUES (357, 135, 3, 'topic_completed', '2025-03-28 12:17:46');
INSERT INTO events (event_id, session_id, user_id, event, occurred_at) VALUES (358, 135, 3, 'topic_completed', '2025-03-28 12:18:19');
INSERT INTO events (event_id, session_id, user_id, event, occurred_at) VALUES (359, 136, 8, 'topic_opened', '2025-03-29 21:08:39');
INSERT INTO events (event_id, session_id, user_id, event, occurred_at) VALUES (360, 136, 8, 'topic_opened', '2025-03-29 21:08:46');
INSERT INTO events (event_id, session_id, user_id, event, occurred_at) VALUES (361, 136, 8, 'topic_opened', '2025-03-29 21:09:07');
INSERT INTO events (event_id, session_id, user_id, event, occurred_at) VALUES (362, 137, 29, 'topic_opened', '2025-03-31 13:46:21');
INSERT INTO events (event_id, session_id, user_id, event, occurred_at) VALUES (363, 138, 21, 'topic_opened', '2025-04-01 19:43:58');
INSERT INTO events (event_id, session_id, user_id, event, occurred_at) VALUES (364, 138, 21, 'topic_opened', '2025-04-01 19:44:22');
INSERT INTO events (event_id, session_id, user_id, event, occurred_at) VALUES (365, 139, 45, 'topic_opened', '2025-04-01 22:06:54');
INSERT INTO events (event_id, session_id, user_id, event, occurred_at) VALUES (366, 139, 45, 'topic_opened', '2025-04-01 22:07:06');
INSERT INTO events (event_id, session_id, user_id, event, occurred_at) VALUES (367, 139, 45, 'interactive_used', '2025-04-01 22:08:00');
INSERT INTO events (event_id, session_id, user_id, event, occurred_at) VALUES (368, 139, 45, 'interactive_used', '2025-04-01 22:08:44');
INSERT INTO events (event_id, session_id, user_id, event, occurred_at) VALUES (369, 140, 45, 'topic_opened', '2025-04-02 18:05:03');
INSERT INTO events (event_id, session_id, user_id, event, occurred_at) VALUES (370, 140, 45, 'interactive_used', '2025-04-02 18:05:54');
INSERT INTO events (event_id, session_id, user_id, event, occurred_at) VALUES (371, 140, 45, 'topic_completed', '2025-04-02 18:06:35');
INSERT INTO events (event_id, session_id, user_id, event, occurred_at) VALUES (372, 141, 3, 'topic_opened', '2025-04-05 20:14:30');
INSERT INTO events (event_id, session_id, user_id, event, occurred_at) VALUES (373, 141, 3, 'topic_opened', '2025-04-05 20:14:47');
INSERT INTO events (event_id, session_id, user_id, event, occurred_at) VALUES (374, 141, 3, 'interactive_used', '2025-04-05 20:15:43');
INSERT INTO events (event_id, session_id, user_id, event, occurred_at) VALUES (375, 142, 10, 'topic_opened', '2025-04-07 12:03:47');
INSERT INTO events (event_id, session_id, user_id, event, occurred_at) VALUES (376, 142, 10, 'topic_opened', '2025-04-07 12:04:13');
INSERT INTO events (event_id, session_id, user_id, event, occurred_at) VALUES (377, 142, 10, 'topic_opened', '2025-04-07 12:04:52');
INSERT INTO events (event_id, session_id, user_id, event, occurred_at) VALUES (378, 143, 10, 'topic_opened', '2025-04-09 08:47:41');
INSERT INTO events (event_id, session_id, user_id, event, occurred_at) VALUES (379, 144, 10, 'topic_opened', '2025-04-10 22:09:41');
INSERT INTO events (event_id, session_id, user_id, event, occurred_at) VALUES (380, 145, 22, 'topic_opened', '2025-04-12 20:22:57');
INSERT INTO events (event_id, session_id, user_id, event, occurred_at) VALUES (381, 145, 22, 'topic_opened', '2025-04-12 20:23:16');
INSERT INTO events (event_id, session_id, user_id, event, occurred_at) VALUES (382, 145, 22, 'interactive_used', '2025-04-12 20:23:44');
INSERT INTO events (event_id, session_id, user_id, event, occurred_at) VALUES (383, 146, 45, 'topic_opened', '2025-04-16 17:01:30');
